derek-tan-04553120,https://sg.linkedin.com/in/derek-tan-04553120
,
mark-pang-sl,https://sg.linkedin.com/in/mark-pang-sl
,
ambrose-lim-5553b6162,https://sg.linkedin.com/in/ambrose-lim-5553b6162
,
steven-kong-7a6173ab,https://sg.linkedin.com/in/steven-kong-7a6173ab
,
ngjunda,https://sg.linkedin.com/in/ngjunda
,
sunny-lee-42b21141,https://sg.linkedin.com/in/sunny-lee-42b21141
